{"Epoch": 0, "Epoch-Time": 5152.637202739716, "Test": {"Augmented-0.01-Quantile-Accuracy": 10.710000038146973, "Augmented-0.05-Quantile-Accuracy": 10.710000038146973, "Augmented-0.1-Quantile-Accuracy": 10.729999542236328, "Augmented-Accuracy": 10.7513, "Augmented-Loss": 2.3519209701385497, "Clean-Accuracy": 10.64, "Clean-Loss": 2.3421763473510744, "PGD-Accuracy": 10.49, "PGD-Loss": 2.3263361572265624}, "Total-Time": 5152.637202739716, "Train": {"Loss": 78.64646652359009, "avg t": 1.7720412130737304, "plain loss": 2.539473265502927, "standard loss": 2.539401060028076}, "Validation": {"Augmented-0.01-Quantile-Accuracy": 11.25999927520752, "Augmented-0.05-Quantile-Accuracy": 11.300000190734863, "Augmented-0.1-Quantile-Accuracy": 11.300000190734863, "Augmented-Accuracy": 11.3252, "Augmented-Loss": 2.339398211097717, "Clean-Accuracy": 11.3, "Clean-Loss": 2.3359671604156493, "PGD-Accuracy": 11.3, "PGD-Loss": 2.3199230102539063}, "args": {"algorithm": "CVaR_Modified_SGD_Autograd", "cvar_sgd_beta": 0.01, "cvar_sgd_t_step_size": 0.1, "data_dir": "./advbench/data", "dataset": "CIFAR10", "device": "cuda:0", "epsilon": null, "evaluators": ["Clean", "PGD", "Augmented"], "hparams": null, "hparams_seed": 0, "output_dir": "train-output/cifar_mod_001", "save_model_every_epoch": false, "seed": 0, "trial_seed": 0}, "hparams": {"batch_size": 64, "cvar_sgd_M": 20, "cvar_sgd_beta": 0.01, "cvar_sgd_n_steps": 5, "cvar_sgd_t_step_size": 0.1, "epsilon": 0.031, "g_dale_n_steps": 10, "g_dale_noise_coeff": 0, "g_dale_nu": 0.1, "g_dale_pd_margin": 0.1, "g_dale_pd_step_size": 0.001, "g_dale_step_size": 0.007, "l_dale_n_steps": 10, "l_dale_noise_coeff": 0.01, "l_dale_nu": 0.1, "l_dale_step_size": 0.007, "learning_rate": 0.01, "mart_beta": 5.0, "optimizer": 1, "pgd_n_steps": 10, "pgd_step_size": 0.007, "rand_smoothing_n_samples": 10, "rand_smoothing_n_steps": 10, "rand_smoothing_sigma": 0.12, "rand_smoothing_step_size": 0.00784313725490196, "sgd_momentum": 0.9, "term_t": 2.0, "trades_beta": 6.0, "trades_n_steps": 10, "trades_step_size": 0.00784313725490196, "weight_decay": 0.0035}}
{"Epoch": 1, "Epoch-Time": 5472.32511305809, "Test": {"Augmented-0.01-Quantile-Accuracy": 13.420000076293945, "Augmented-0.05-Quantile-Accuracy": 13.479999542236328, "Augmented-0.1-Quantile-Accuracy": 13.529999732971191, "Augmented-Accuracy": 13.7265, "Augmented-Loss": 2.297970412384033, "Clean-Accuracy": 14.02, "Clean-Loss": 2.2959129135131837, "PGD-Accuracy": 9.95, "PGD-Loss": 2.36462956237793}, "Total-Time": 10624.962315797806, "Train": {"Loss": 57.5013271925354, "avg t": 1.7727513693237305, "plain loss": 2.329005519348143, "standard loss": 2.3290410680389404}, "Validation": {"Augmented-0.01-Quantile-Accuracy": 12.979999542236328, "Augmented-0.05-Quantile-Accuracy": 13.039999961853027, "Augmented-0.1-Quantile-Accuracy": 13.139999389648438, "Augmented-Accuracy": 13.3504, "Augmented-Loss": 2.306998146671295, "Clean-Accuracy": 13.56, "Clean-Loss": 2.3088120635986327, "PGD-Accuracy": 9.02, "PGD-Loss": 2.3876497955322264}, "args": {"algorithm": "CVaR_Modified_SGD_Autograd", "cvar_sgd_beta": 0.01, "cvar_sgd_t_step_size": 0.1, "data_dir": "./advbench/data", "dataset": "CIFAR10", "device": "cuda:0", "epsilon": null, "evaluators": ["Clean", "PGD", "Augmented"], "hparams": null, "hparams_seed": 0, "output_dir": "train-output/cifar_mod_001", "save_model_every_epoch": false, "seed": 0, "trial_seed": 0}, "hparams": {"batch_size": 64, "cvar_sgd_M": 20, "cvar_sgd_beta": 0.01, "cvar_sgd_n_steps": 5, "cvar_sgd_t_step_size": 0.1, "epsilon": 0.031, "g_dale_n_steps": 10, "g_dale_noise_coeff": 0, "g_dale_nu": 0.1, "g_dale_pd_margin": 0.1, "g_dale_pd_step_size": 0.001, "g_dale_step_size": 0.007, "l_dale_n_steps": 10, "l_dale_noise_coeff": 0.01, "l_dale_nu": 0.1, "l_dale_step_size": 0.007, "learning_rate": 0.01, "mart_beta": 5.0, "optimizer": 1, "pgd_n_steps": 10, "pgd_step_size": 0.007, "rand_smoothing_n_samples": 10, "rand_smoothing_n_steps": 10, "rand_smoothing_sigma": 0.12, "rand_smoothing_step_size": 0.00784313725490196, "sgd_momentum": 0.9, "term_t": 2.0, "trades_beta": 6.0, "trades_n_steps": 10, "trades_step_size": 0.00784313725490196, "weight_decay": 0.0035}}
