{"Epoch": 0, "Epoch-Time": 3983.007038116455, "Test": {"Augmented-0.01-Quantile-Accuracy": 30.6299991607666, "Augmented-0.05-Quantile-Accuracy": 31.35999870300293, "Augmented-0.1-Quantile-Accuracy": 31.709999084472656, "Augmented-Accuracy": 32.8613, "Augmented-Loss": 1.7721700475006104, "Clean-Accuracy": 31.8, "Clean-Loss": 1.7711950805664063, "PGD-Accuracy": 9.09, "PGD-Loss": 2.439776515197754}, "Total-Time": 3983.007038116455, "Train": {"Loss": 3.6455218444001676, "avg t": 1.65536375, "plain loss": 2.000674110595704}, "Validation": {"Augmented-0.01-Quantile-Accuracy": 30.279998779296875, "Augmented-0.05-Quantile-Accuracy": 31.01999855041504, "Augmented-0.1-Quantile-Accuracy": 31.439998626708984, "Augmented-Accuracy": 32.6472, "Augmented-Loss": 1.7837749474868774, "Clean-Accuracy": 30.32, "Clean-Loss": 1.8382757247924804, "PGD-Accuracy": 8.62, "PGD-Loss": 2.4258750938415528}, "args": {"algorithm": "CVaR_SGD_Autograd", "cvar_sgd_beta": 0.1, "cvar_sgd_t_step_size": 1.0, "data_dir": "./advbench/data", "dataset": "CIFAR10", "device": "cuda:0", "epsilon": null, "evaluators": ["Clean", "PGD", "Augmented"], "hparams": null, "hparams_seed": 0, "output_dir": "train-output/cifar_01", "save_model_every_epoch": false, "seed": 0, "trial_seed": 0}, "hparams": {"batch_size": 64, "cvar_sgd_M": 20, "cvar_sgd_beta": 0.1, "cvar_sgd_n_steps": 5, "cvar_sgd_t_step_size": 1.0, "epsilon": 0.031, "g_dale_n_steps": 10, "g_dale_noise_coeff": 0, "g_dale_nu": 0.1, "g_dale_pd_margin": 0.1, "g_dale_pd_step_size": 0.001, "g_dale_step_size": 0.007, "l_dale_n_steps": 10, "l_dale_noise_coeff": 0.01, "l_dale_nu": 0.1, "l_dale_step_size": 0.007, "learning_rate": 0.01, "mart_beta": 5.0, "optimizer": 1, "pgd_n_steps": 10, "pgd_step_size": 0.007, "rand_smoothing_n_samples": 10, "rand_smoothing_n_steps": 10, "rand_smoothing_sigma": 0.12, "rand_smoothing_step_size": 0.00784313725490196, "sgd_momentum": 0.9, "term_t": 2.0, "trades_beta": 6.0, "trades_n_steps": 10, "trades_step_size": 0.00784313725490196, "weight_decay": 0.0035}}
{"Epoch": 1, "Epoch-Time": 3873.8982706069946, "Test": {"Augmented-0.01-Quantile-Accuracy": 37.540000915527344, "Augmented-0.05-Quantile-Accuracy": 38.439998626708984, "Augmented-0.1-Quantile-Accuracy": 38.93000030517578, "Augmented-Accuracy": 40.6057, "Augmented-Loss": 1.7024319077453614, "Clean-Accuracy": 41.05, "Clean-Loss": 1.6764968475341797, "PGD-Accuracy": 5.84, "PGD-Loss": 2.788871502685547}, "Total-Time": 7856.90530872345, "Train": {"Loss": 1.872434834036827, "avg t": 1.6115403125, "plain loss": 1.769784685729981}, "Validation": {"Augmented-0.01-Quantile-Accuracy": 35.68000030517578, "Augmented-0.05-Quantile-Accuracy": 36.63999938964844, "Augmented-0.1-Quantile-Accuracy": 37.119998931884766, "Augmented-Accuracy": 38.9228, "Augmented-Loss": 1.703677508562088, "Clean-Accuracy": 36.34, "Clean-Loss": 1.8014949531555176, "PGD-Accuracy": 5.96, "PGD-Loss": 2.7334104377746584}, "args": {"algorithm": "CVaR_SGD_Autograd", "cvar_sgd_beta": 0.1, "cvar_sgd_t_step_size": 1.0, "data_dir": "./advbench/data", "dataset": "CIFAR10", "device": "cuda:0", "epsilon": null, "evaluators": ["Clean", "PGD", "Augmented"], "hparams": null, "hparams_seed": 0, "output_dir": "train-output/cifar_01", "save_model_every_epoch": false, "seed": 0, "trial_seed": 0}, "hparams": {"batch_size": 64, "cvar_sgd_M": 20, "cvar_sgd_beta": 0.1, "cvar_sgd_n_steps": 5, "cvar_sgd_t_step_size": 1.0, "epsilon": 0.031, "g_dale_n_steps": 10, "g_dale_noise_coeff": 0, "g_dale_nu": 0.1, "g_dale_pd_margin": 0.1, "g_dale_pd_step_size": 0.001, "g_dale_step_size": 0.007, "l_dale_n_steps": 10, "l_dale_noise_coeff": 0.01, "l_dale_nu": 0.1, "l_dale_step_size": 0.007, "learning_rate": 0.01, "mart_beta": 5.0, "optimizer": 1, "pgd_n_steps": 10, "pgd_step_size": 0.007, "rand_smoothing_n_samples": 10, "rand_smoothing_n_steps": 10, "rand_smoothing_sigma": 0.12, "rand_smoothing_step_size": 0.00784313725490196, "sgd_momentum": 0.9, "term_t": 2.0, "trades_beta": 6.0, "trades_n_steps": 10, "trades_step_size": 0.00784313725490196, "weight_decay": 0.0035}}
{"Epoch": 2, "Epoch-Time": 3878.851135969162, "Test": {"Augmented-0.01-Quantile-Accuracy": 35.95000076293945, "Augmented-0.05-Quantile-Accuracy": 37.22999954223633, "Augmented-0.1-Quantile-Accuracy": 37.779998779296875, "Augmented-Accuracy": 39.8815, "Augmented-Loss": 1.6712586352386474, "Clean-Accuracy": 40.32, "Clean-Loss": 1.6440012954711913, "PGD-Accuracy": 2.35, "PGD-Loss": 3.1900814331054685}, "Total-Time": 11735.756444692612, "Train": {"Loss": 1.5083196725583077, "avg t": 1.58278828125, "plain loss": 1.7012984992675775}, "Validation": {"Augmented-0.01-Quantile-Accuracy": 35.70000076293945, "Augmented-0.05-Quantile-Accuracy": 36.939998626708984, "Augmented-0.1-Quantile-Accuracy": 37.619998931884766, "Augmented-Accuracy": 39.647, "Augmented-Loss": 1.6592731261730194, "Clean-Accuracy": 37.22, "Clean-Loss": 1.7270088384628295, "PGD-Accuracy": 2.78, "PGD-Loss": 3.107405421447754}, "args": {"algorithm": "CVaR_SGD_Autograd", "cvar_sgd_beta": 0.1, "cvar_sgd_t_step_size": 1.0, "data_dir": "./advbench/data", "dataset": "CIFAR10", "device": "cuda:0", "epsilon": null, "evaluators": ["Clean", "PGD", "Augmented"], "hparams": null, "hparams_seed": 0, "output_dir": "train-output/cifar_01", "save_model_every_epoch": false, "seed": 0, "trial_seed": 0}, "hparams": {"batch_size": 64, "cvar_sgd_M": 20, "cvar_sgd_beta": 0.1, "cvar_sgd_n_steps": 5, "cvar_sgd_t_step_size": 1.0, "epsilon": 0.031, "g_dale_n_steps": 10, "g_dale_noise_coeff": 0, "g_dale_nu": 0.1, "g_dale_pd_margin": 0.1, "g_dale_pd_step_size": 0.001, "g_dale_step_size": 0.007, "l_dale_n_steps": 10, "l_dale_noise_coeff": 0.01, "l_dale_nu": 0.1, "l_dale_step_size": 0.007, "learning_rate": 0.01, "mart_beta": 5.0, "optimizer": 1, "pgd_n_steps": 10, "pgd_step_size": 0.007, "rand_smoothing_n_samples": 10, "rand_smoothing_n_steps": 10, "rand_smoothing_sigma": 0.12, "rand_smoothing_step_size": 0.00784313725490196, "sgd_momentum": 0.9, "term_t": 2.0, "trades_beta": 6.0, "trades_n_steps": 10, "trades_step_size": 0.00784313725490196, "weight_decay": 0.0035}}
