{"Epoch": 0, "Epoch-Time": 3815.2984952926636, "Test": {"Augmented-0.01-Quantile-Accuracy": 19.729999542236328, "Augmented-0.05-Quantile-Accuracy": 20.25, "Augmented-0.1-Quantile-Accuracy": 20.459999084472656, "Augmented-Accuracy": 21.2348, "Augmented-Loss": 2.009842457168579, "Clean-Accuracy": 21.96, "Clean-Loss": 1.991527163696289, "PGD-Accuracy": 10.42, "PGD-Loss": 2.324066761779785}, "Total-Time": 3815.2984952926636, "Train": {"Loss": 51.29698504272461, "avg t": 1.7531238693237305, "plain loss": 2.249434796325686}, "Validation": {"Augmented-0.01-Quantile-Accuracy": 20.079999923706055, "Augmented-0.05-Quantile-Accuracy": 20.5, "Augmented-0.1-Quantile-Accuracy": 20.8799991607666, "Augmented-Accuracy": 21.7186, "Augmented-Loss": 2.001408698020935, "Clean-Accuracy": 21.8, "Clean-Loss": 2.0214257747650146, "PGD-Accuracy": 11.3, "PGD-Loss": 2.320766343307495}, "args": {"algorithm": "CVaR_SGD_Autograd", "cvar_sgd_beta": 0.01, "cvar_sgd_t_step_size": 0.1, "data_dir": "./advbench/data", "dataset": "CIFAR10", "device": "cuda:0", "epsilon": null, "evaluators": ["Clean", "PGD", "Augmented"], "hparams": null, "hparams_seed": 0, "output_dir": "train-output/cifar_001", "save_model_every_epoch": false, "seed": 0, "trial_seed": 0}, "hparams": {"batch_size": 64, "cvar_sgd_M": 20, "cvar_sgd_beta": 0.01, "cvar_sgd_n_steps": 5, "cvar_sgd_t_step_size": 0.1, "epsilon": 0.031, "g_dale_n_steps": 10, "g_dale_noise_coeff": 0, "g_dale_nu": 0.1, "g_dale_pd_margin": 0.1, "g_dale_pd_step_size": 0.001, "g_dale_step_size": 0.007, "l_dale_n_steps": 10, "l_dale_noise_coeff": 0.01, "l_dale_nu": 0.1, "l_dale_step_size": 0.007, "learning_rate": 0.01, "mart_beta": 5.0, "optimizer": 1, "pgd_n_steps": 10, "pgd_step_size": 0.007, "rand_smoothing_n_samples": 10, "rand_smoothing_n_steps": 10, "rand_smoothing_sigma": 0.12, "rand_smoothing_step_size": 0.00784313725490196, "sgd_momentum": 0.9, "term_t": 2.0, "trades_beta": 6.0, "trades_n_steps": 10, "trades_step_size": 0.00784313725490196, "weight_decay": 0.0035}}
{"Epoch": 1, "Epoch-Time": 3870.903267621994, "Test": {"Augmented-0.01-Quantile-Accuracy": 24.189998626708984, "Augmented-0.05-Quantile-Accuracy": 24.559999465942383, "Augmented-0.1-Quantile-Accuracy": 24.719999313354492, "Augmented-Accuracy": 25.5327, "Augmented-Loss": 1.9262874749450685, "Clean-Accuracy": 26.07, "Clean-Loss": 1.9179881881713867, "PGD-Accuracy": 12.68, "PGD-Loss": 2.31847939453125}, "Total-Time": 7686.201762914658, "Train": {"Loss": 26.967996491699218, "avg t": 1.7397088693237304, "plain loss": 1.983692238403318}, "Validation": {"Augmented-0.01-Quantile-Accuracy": 23.139999389648438, "Augmented-0.05-Quantile-Accuracy": 23.579999923706055, "Augmented-0.1-Quantile-Accuracy": 23.739999771118164, "Augmented-Accuracy": 24.4964, "Augmented-Loss": 1.9376473227672577, "Clean-Accuracy": 23.88, "Clean-Loss": 1.948374937438965, "PGD-Accuracy": 11.88, "PGD-Loss": 2.3676291622161867}, "args": {"algorithm": "CVaR_SGD_Autograd", "cvar_sgd_beta": 0.01, "cvar_sgd_t_step_size": 0.1, "data_dir": "./advbench/data", "dataset": "CIFAR10", "device": "cuda:0", "epsilon": null, "evaluators": ["Clean", "PGD", "Augmented"], "hparams": null, "hparams_seed": 0, "output_dir": "train-output/cifar_001", "save_model_every_epoch": false, "seed": 0, "trial_seed": 0}, "hparams": {"batch_size": 64, "cvar_sgd_M": 20, "cvar_sgd_beta": 0.01, "cvar_sgd_n_steps": 5, "cvar_sgd_t_step_size": 0.1, "epsilon": 0.031, "g_dale_n_steps": 10, "g_dale_noise_coeff": 0, "g_dale_nu": 0.1, "g_dale_pd_margin": 0.1, "g_dale_pd_step_size": 0.001, "g_dale_step_size": 0.007, "l_dale_n_steps": 10, "l_dale_noise_coeff": 0.01, "l_dale_nu": 0.1, "l_dale_step_size": 0.007, "learning_rate": 0.01, "mart_beta": 5.0, "optimizer": 1, "pgd_n_steps": 10, "pgd_step_size": 0.007, "rand_smoothing_n_samples": 10, "rand_smoothing_n_steps": 10, "rand_smoothing_sigma": 0.12, "rand_smoothing_step_size": 0.00784313725490196, "sgd_momentum": 0.9, "term_t": 2.0, "trades_beta": 6.0, "trades_n_steps": 10, "trades_step_size": 0.00784313725490196, "weight_decay": 0.0035}}
{"Epoch": 2, "Epoch-Time": 3872.241864681244, "Test": {"Augmented-0.01-Quantile-Accuracy": 26.989999771118164, "Augmented-0.05-Quantile-Accuracy": 27.510000228881836, "Augmented-0.1-Quantile-Accuracy": 27.760000228881836, "Augmented-Accuracy": 28.7882, "Augmented-Loss": 1.8605317523345948, "Clean-Accuracy": 29.66, "Clean-Loss": 1.8429177352905273, "PGD-Accuracy": 10.13, "PGD-Loss": 2.440254867553711}, "Total-Time": 11558.443627595901, "Train": {"Loss": 22.948458498535157, "avg t": 1.7152498068237305, "plain loss": 1.9122124832763683}, "Validation": {"Augmented-0.01-Quantile-Accuracy": 26.84000015258789, "Augmented-0.05-Quantile-Accuracy": 27.439998626708984, "Augmented-0.1-Quantile-Accuracy": 27.779998779296875, "Augmented-Accuracy": 28.613, "Augmented-Loss": 1.860868734287262, "Clean-Accuracy": 27.48, "Clean-Loss": 1.8691509706497191, "PGD-Accuracy": 8.8, "PGD-Loss": 2.4762703399658204}, "args": {"algorithm": "CVaR_SGD_Autograd", "cvar_sgd_beta": 0.01, "cvar_sgd_t_step_size": 0.1, "data_dir": "./advbench/data", "dataset": "CIFAR10", "device": "cuda:0", "epsilon": null, "evaluators": ["Clean", "PGD", "Augmented"], "hparams": null, "hparams_seed": 0, "output_dir": "train-output/cifar_001", "save_model_every_epoch": false, "seed": 0, "trial_seed": 0}, "hparams": {"batch_size": 64, "cvar_sgd_M": 20, "cvar_sgd_beta": 0.01, "cvar_sgd_n_steps": 5, "cvar_sgd_t_step_size": 0.1, "epsilon": 0.031, "g_dale_n_steps": 10, "g_dale_noise_coeff": 0, "g_dale_nu": 0.1, "g_dale_pd_margin": 0.1, "g_dale_pd_step_size": 0.001, "g_dale_step_size": 0.007, "l_dale_n_steps": 10, "l_dale_noise_coeff": 0.01, "l_dale_nu": 0.1, "l_dale_step_size": 0.007, "learning_rate": 0.01, "mart_beta": 5.0, "optimizer": 1, "pgd_n_steps": 10, "pgd_step_size": 0.007, "rand_smoothing_n_samples": 10, "rand_smoothing_n_steps": 10, "rand_smoothing_sigma": 0.12, "rand_smoothing_step_size": 0.00784313725490196, "sgd_momentum": 0.9, "term_t": 2.0, "trades_beta": 6.0, "trades_n_steps": 10, "trades_step_size": 0.00784313725490196, "weight_decay": 0.0035}}
